{"cameraMode":{"drawMode":0,"name":"Shaded","section":"Shading Mode"},"sceneLighting":true,"audioPlay":false,"sceneViewState":{"showFog":true,"showMaterialUpdate":false,"showSkybox":false,"showFlares":true,"showImageEffects":true,"showParticleSystems":true},"in2DMode":false,"pivot":{"x":-0.00012502074241638184,"y":0.13999998569488526,"z":1.0700000524520875},"rotation":{"x":-0.19999931752681733,"y":0.6844936609268189,"z":-0.20412079989910127,"w":-0.6706739068031311},"size":2.4351556301116945,"orthographic":false}